account_id,company_name,county,city,management_company,management_scope,sector,seat,segment,contact,title,phone,email,wallet_tier,target_acv,penetration,call_band,red_tape_b2g,badge,geo_badge,lat,lng,source,lead_source,form_url,one_liner,lane,event_hint
celebration-cdd-inframark-kerry-satterwhite-district-manager,Celebration CDD (Inframark),Osceola,Celebration,Inframark,national,Fest_Events,Regional_Enterprise,CDD/HOA amenity,Kerry Satterwhite,District Manager,407-566-1935,admin@celebrationcdd.org,S,3000,prospect,Warm,N,Verified,Estimated,28.3252,-81.5331,https://www.celebrationcdd.org/contacts,CDD contacts · Inframark,,Inframark DM.,orlando,community / amenity event
harmony-cdd-pfm-lynne-mullins-district-manager,Harmony CDD (PFM),Osceola,Harmony,PFM,regional,Fest_Events,Regional_Enterprise,CDD/HOA amenity,Lynne Mullins,District Manager,407-723-5900,mullinsl@pfm.com,S,3000,prospect,Warm,N,Verified,Estimated,28.1886,-81.1473,https://harmonycdd.org/contact/,CDD contact · PFM,,Also askharmonycdd@pfm.com.,orlando,community / amenity event
harmony-cdd-general-desk-district-desk,Harmony CDD — general desk,Osceola,Harmony,PFM,regional,Fest_Events,Regional_Enterprise,CDD/HOA amenity,,District desk,407-723-5900,askharmonycdd@pfm.com,A,2000,prospect,Warm,N,Verified,Estimated,28.1886,-81.1473,https://harmonycdd.org/contact/,CDD contact,,General PFM mailbox.,orlando,community / amenity event
first-orlando-kids-kids-ministry-desk,First Orlando — Kids,Orange,Orlando,,,Violet,Violet,Church,,Kids Ministry desk,407-425-2555,kids@firstorlando.com,S,3000,prospect,Warm,N,Verified,Estimated,28.5383,-81.3792,https://www.firstorlando.com/kids/,Kids ministry page,,Public kids@ mailbox.,orlando,family ministry / VBS
northland-church-kids-kids-ministry,Northland Church — Kids,Seminole,Longwood,,,Violet,Violet,Church,,Kids ministry,407-949-4000,,S,3000,prospect,Later,N,Open,Estimated,28.7031,-81.3465,https://www.northlandchurch.net/,Church site,,Ask Kids. Email Open.,orlando,family ministry / VBS
discovery-church-orlando-kids-family,Discovery Church — Orlando,Orange,Orlando,,,Violet,Violet,Church,,Kids / Family,407-788-0007,,A,2000,prospect,Later,N,Open,Estimated,28.5383,-81.3792,https://www.discoverychurch.org/,Church site,,Multi-site — ask Kids.,orlando,family ministry
st-luke-s-united-methodist-orlando-children-s-ministry,St. Luke's United Methodist — Orlando,Orange,Orlando,,,Violet,Violet,Church,,Children's ministry,407-876-4991,,A,2000,prospect,Later,N,Open,Estimated,28.5383,-81.3792,https://www.st.lukes.org/,Church site,,Large Dr. Phillips campus.,orlando,family ministry / VBS
forest-lake-church-children-s-ministries,Forest Lake Church,Orange,Apopka,,,Violet,Violet,Church,,Children's ministries,407-772-2810,,A,2000,prospect,Later,N,Open,Estimated,28.6934,-81.5322,https://www.forestlakechurch.org/,Church site,,Large Adventist campus.,orlando,family ministry
summit-church-orlando-kids-family,Summit Church — Orlando,Orange,Orlando,,,Violet,Violet,Church,,Kids / Family,407-601-5000,,A,2000,prospect,Later,N,Open,Estimated,28.5383,-81.3792,https://www.summitconnect.org/,Church site,,Multi-site Central FL.,orlando,family ministry
lake-highland-preparatory-school-admissions,Lake Highland Preparatory School,Orange,Orlando,,,Violet,Fancy_Schools,School/VPK/PPEC,,Admissions,407-206-1900,admissions@lhps.org,S,3000,prospect,Warm,N,Verified,Estimated,28.5383,-81.3792,https://www.lhps.org/,Admissions,,Public admissions mailbox.,orlando,school visit
trinity-preparatory-school-admissions,Trinity Preparatory School,Orange,Winter Park,,,Violet,Fancy_Schools,School/VPK/PPEC,,Admissions,407-671-4140,,S,3000,prospect,Later,N,Open,Estimated,28.6,-81.3392,https://www.trinityprep.org/,School site,https://www.trinityprep.org/,Use admissions form.,orlando,school visit
the-first-academy-admissions,The First Academy,Orange,Orlando,,,Violet,Fancy_Schools,School/VPK/PPEC,,Admissions,407-206-8800,,S,3000,prospect,Later,N,Open,Estimated,28.5383,-81.3792,https://www.thefirstacademy.org/,School site,https://www.thefirstacademy.org/,First Orlando affiliated.,orlando,school visit
windermere-prep-admissions,Windermere Prep,Orange,Windermere,,,Violet,Fancy_Schools,School/VPK/PPEC,,Admissions,407-905-7737,,S,3000,prospect,Later,N,Open,Estimated,28.4956,-81.5348,https://www.windermereprep.com/,School site,https://www.windermereprep.com/,Nord Anglia — form.,orlando,school visit
orlando-christian-prep-admissions,Orlando Christian Prep,Orange,Orlando,,,Violet,Fancy_Schools,School/VPK/PPEC,,Admissions,407-699-8503,,A,2000,prospect,Later,N,Open,Estimated,28.5383,-81.3792,https://www.ocponline.org/,School site,,Ask admissions.,orlando,school visit
bishop-moore-catholic-high-school-main-office,Bishop Moore Catholic High School,Orange,Orlando,,,Violet,Fancy_Schools,School/VPK/PPEC,,Main office,407-293-7561,,A,2000,prospect,Later,N,Open,Estimated,28.5383,-81.3792,https://www.bishopmoore.org/,School site,,Ask student activities.,orlando,school visit
lake-mary-prep-admissions,Lake Mary Prep,Seminole,Lake Mary,,,Violet,Fancy_Schools,School/VPK/PPEC,,Admissions,407-805-0095,,A,2000,prospect,Later,N,Open,Estimated,28.7589,-81.3178,https://www.lakemaryprep.com/,School site,https://www.lakemaryprep.com/,Admissions form.,orlando,school visit
forest-lake-education-center-school-office,Forest Lake Education Center,Seminole,Longwood,,,Violet,Fancy_Schools,School/VPK/PPEC,,School office,407-862-8410,,A,2000,prospect,Later,N,Open,Estimated,28.7031,-81.3465,https://www.flesda.org/,School site,,PK-8 Adventist.,orlando,school visit
the-mayflower-winter-park-life-enrichment,The Mayflower — Winter Park,Orange,Winter Park,,,Recurring_Weekday,Regional_Subscription,Senior,,Life enrichment,407-672-1620,,S,3000,prospect,Later,N,Open,Estimated,28.6,-81.3392,https://www.themayflower.com/,Community site,https://www.themayflower.com/,CCRC — ask Activities.,orlando,resident visit
westminster-towers-orlando-life-enrichment,Westminster Towers Orlando,Orange,Orlando,,,Recurring_Weekday,Regional_Subscription,Senior,,Life enrichment,407-253-6000,,A,2000,prospect,Later,N,Open,Estimated,28.5383,-81.3792,https://www.westminstercommunitiesfl.org/,Westminster FL,,Westminster FL.,orlando,resident visit
westminster-winter-park-life-enrichment,Westminster Winter Park,Orange,Winter Park,,,Recurring_Weekday,Regional_Subscription,Senior,,Life enrichment,407-647-4081,,A,2000,prospect,Later,N,Open,Estimated,28.6,-81.3392,https://www.westminstercommunitiesfl.org/,Westminster FL,,Westminster FL.,orlando,resident visit
savannah-court-of-maitland-activities,Savannah Court of Maitland,Orange,Maitland,,,Recurring_Weekday,Regional_Subscription,Senior,,Activities,407-628-1111,,B,1500,prospect,Later,N,Open,Estimated,28.6278,-81.3631,https://www.savannahcourt.com/,Savannah Court,,AL — Activities.,orlando,resident visit
brookdale-senior-living-orlando-corridor-activities,Brookdale Senior Living — Orlando corridor,Orange,Orlando,Brookdale,national,Recurring_Weekday,Regional_Subscription,Senior,,Activities,877-390-2597,,A,2000,prospect,Later,N,Open,Estimated,28.5383,-81.3792,https://www.brookdale.com/,Brookdale,https://www.brookdale.com/,Multi-site — locator then Activities.,orlando,resident visit
soleil-lake-nona-activities,Soleil — Lake Nona,Orange,Lake Nona,,,Recurring_Weekday,Regional_Subscription,Senior,,Activities,,,A,2000,prospect,Later,N,Open,Estimated,28.3715,-81.2439,https://www.soleillakenona.com/,Community site,https://www.soleillakenona.com/,Confirm Activities on site.,orlando,resident visit
ucf-office-of-student-involvement-osi-desk,UCF Office of Student Involvement,Orange,Orlando,,,Fest_Events,Corp_Field,University,,OSI desk,407-823-6471,osi@ucf.edu,A,2000,prospect,Warm,Y,Verified,Estimated,28.5383,-81.3792,https://osi.ucf.edu/,UCF OSI,,Campus activities.,orlando,campus activities
rollins-college-student-involvement-student-involvement,Rollins College — Student Involvement,Orange,Winter Park,,,Fest_Events,Corp_Field,University,,Student Involvement,407-646-2000,,A,2000,prospect,Later,Y,Open,Estimated,28.6,-81.3392,https://www.rollins.edu/,Rollins,,Ask Campus Life.,orlando,campus activities
valencia-college-student-development-student-development,Valencia College — Student Development,Orange,Orlando,,,Fest_Events,Corp_Field,University,,Student Development,407-299-5000,,B,1500,prospect,Later,Y,Open,Estimated,28.5383,-81.3792,https://valenciacollege.edu/,Valencia,,Multi-campus.,orlando,campus activities
city-of-orlando-special-events-parks-special-events,City of Orlando — Special Events / Parks,Orange,Orlando,,,Fest_Events,Corp_Field,Corporate/amenity city,,Special Events,407-246-2221,,A,2000,prospect,Later,Y,Open,Estimated,28.5383,-81.3792,https://www.orlando.gov/,City of Orlando,,Municipal — B2G.,orlando,city parks / special event
city-of-kissimmee-parks-recreation-parks-events,City of Kissimmee Parks & Recreation,Osceola,Kissimmee,,,Fest_Events,Corp_Field,Corporate/amenity city,,Parks / Events,407-518-2502,,A,2000,prospect,Later,Y,Open,Estimated,28.292,-81.4076,https://www.kissimmee.gov/,City Kissimmee,,Municipal parks.,orlando,city parks event
city-of-winter-park-parks-rec-parks-events,City of Winter Park Parks & Rec,Orange,Winter Park,,,Fest_Events,Corp_Field,Corporate/amenity city,,Parks / Events,407-599-3334,,A,2000,prospect,Later,Y,Open,Estimated,28.6,-81.3392,https://cityofwinterpark.org/,Winter Park,,Festival-heavy city.,orlando,city parks event
city-of-winter-garden-parks-rec-parks,City of Winter Garden Parks & Rec,Orange,Winter Garden,,,Fest_Events,Corp_Field,Corporate/amenity city,,Parks,407-656-4111,,B,1500,prospect,Later,Y,Open,Estimated,28.5653,-81.5862,https://www.cwgdn.com/275/Parks-Recreation,Winter Garden,,Parks & Rec.,orlando,city parks event
orange-county-parks-recreation-parks-programming,Orange County Parks & Recreation,Orange,Orlando,,,Fest_Events,Corp_Field,Corporate/amenity city,,Parks programming,407-836-6200,,A,2000,prospect,Later,Y,Open,Estimated,28.5383,-81.3792,https://www.orangecountyfl.net/,OC Parks,,Countywide B2G.,orlando,city parks event
camden-orange-court-leasing-lifestyle,Camden Orange Court,Orange,Orlando,Camden,national,Fest_Events,Luxury_Apt,Apartment programming,,Leasing / Lifestyle,,,A,2000,prospect,Later,N,Open,Estimated,28.5383,-81.3792,https://www.camdenliving.com/,Camden,,Camden lifestyle.,orlando,resident event
amli-at-lake-nona-leasing-lifestyle,AMLI at Lake Nona,Orange,Lake Nona,AMLI,national,Fest_Events,Luxury_Apt,Apartment programming,,Leasing / Lifestyle,,,A,2000,prospect,Later,N,Open,Estimated,28.3715,-81.2439,https://www.amli.com/,AMLI,,Confirm local phone on AMLI.,orlando,resident event
greystar-orlando-portfolio-desk-regional-lifestyle,Greystar — Orlando portfolio desk,Orange,Orlando,Greystar,national,Fest_Events,Luxury_Apt,Apartment programming,,Regional lifestyle,,,A,2000,prospect,Later,N,Open,Estimated,28.5383,-81.3792,https://www.greystar.com/,Greystar,https://www.greystar.com/,National multifamily stitch.,orlando,portfolio resident events
lake-nona-town-center-events-events-desk,Lake Nona Town Center — events,Orange,Lake Nona,,,Fest_Events,Regional_Enterprise,Premium community,,Events desk,,,S,3000,prospect,Later,N,Open,Estimated,28.3715,-81.2439,https://www.lakenona.com/,Lake Nona,https://www.lakenona.com/,Master-planned events form.,orlando,community / town center event
baldwin-park-community-events-community-hoa-events,Baldwin Park — community events,Orange,Orlando,,,Fest_Events,Regional_Enterprise,Premium community,,Community / HOA events,,,A,2000,prospect,Later,N,Open,Estimated,28.5383,-81.3792,https://www.baldwinparkfl.com/,Baldwin Park,https://www.baldwinparkfl.com/,Urban village HOA events.,orlando,community event
isleworth-country-club-club-events,Isleworth Country Club,Orange,Windermere,,,Fest_Events,Regional_Enterprise,Premium community,,Club events,407-876-3800,,B,1500,prospect,Later,N,Open,Estimated,28.4956,-81.5348,https://www.isleworth.com/,Club site,,Ultra-premium secondary.,orlando,club family event
anthem-park-cdd-district-amenity-desk,Anthem Park CDD,Osceola,Kissimmee,,,Fest_Events,Regional_Enterprise,CDD/HOA amenity,,District / Amenity desk,,,A,2000,prospect,Later,N,Open,Estimated,28.292,-81.4076,https://anthemparkcdd.org/contacts,Osceola County CDD directory,https://anthemparkcdd.org,Org + website on Osceola County CDD directory. Contact Open. Site: https://anthemparkcdd.org,orlando,community / amenity event
bella-tara-cdd-district-amenity-desk,Bella Tara CDD,Osceola,Kissimmee,,,Fest_Events,Regional_Enterprise,CDD/HOA amenity,,District / Amenity desk,,,A,2000,prospect,Later,N,Open,Estimated,28.292,-81.4076,https://bellataracdd.com/contacts,Osceola County CDD directory,https://bellataracdd.com,Org + website on Osceola County CDD directory. Contact Open. Site: https://bellataracdd.com,orlando,community / amenity event
bridgewalk-cdd-district-amenity-desk,Bridgewalk CDD,Osceola,Kissimmee,,,Fest_Events,Regional_Enterprise,CDD/HOA amenity,,District / Amenity desk,,,A,2000,prospect,Later,N,Open,Estimated,28.292,-81.4076,https://bridgewalkcdd.com/contacts,Osceola County CDD directory,https://bridgewalkcdd.com,Org + website on Osceola County CDD directory. Contact Open. Site: https://bridgewalkcdd.com,orlando,community / amenity event
brighton-lakes-cdd-district-amenity-desk,Brighton Lakes CDD,Osceola,Kissimmee,,,Fest_Events,Regional_Enterprise,CDD/HOA amenity,,District / Amenity desk,,,A,2000,prospect,Later,N,Open,Estimated,28.292,-81.4076,https://brightonlakescdd.org/contacts,Osceola County CDD directory,https://brightonlakescdd.org,Org + website on Osceola County CDD directory. Contact Open. Site: https://brightonlakescdd.org,orlando,community / amenity event
buena-lago-cdd-district-amenity-desk,Buena Lago CDD,Osceola,Kissimmee,,,Fest_Events,Regional_Enterprise,CDD/HOA amenity,,District / Amenity desk,,,A,2000,prospect,Later,N,Open,Estimated,28.292,-81.4076,https://buenalagocdd.net/contacts,Osceola County CDD directory,https://buenalagocdd.net,Org + website on Osceola County CDD directory. Contact Open. Site: https://buenalagocdd.net,orlando,community / amenity event
canoe-creek-reserve-cdd-district-amenity-desk,Canoe Creek Reserve CDD,Osceola,St. Cloud,,,Fest_Events,Regional_Enterprise,CDD/HOA amenity,,District / Amenity desk,,,A,2000,prospect,Later,N,Open,Estimated,28.2489,-81.2812,https://canoecreekreservecdd.net/contacts,Osceola County CDD directory,https://canoecreekreservecdd.net,Org + website on Osceola County CDD directory. Contact Open. Site: https://canoecreekreservecdd.net,orlando,community / amenity event
center-lake-ranch-west-cdd-district-amenity-desk,Center Lake Ranch West CDD,Osceola,Kissimmee,,,Fest_Events,Regional_Enterprise,CDD/HOA amenity,,District / Amenity desk,,,A,2000,prospect,Later,N,Open,Estimated,28.292,-81.4076,https://centerlakeranchwestcdd.net/contacts,Osceola County CDD directory,https://centerlakeranchwestcdd.net,Org + website on Osceola County CDD directory. Contact Open. Site: https://centerlakeranchwestcdd.net,orlando,community / amenity event
championsgate-cdd-district-amenity-desk,ChampionsGate CDD,Osceola,ChampionsGate,,,Fest_Events,Regional_Enterprise,CDD/HOA amenity,,District / Amenity desk,,,A,2000,prospect,Later,N,Open,Estimated,28.2617,-81.6281,https://championsgatecdd.com/contacts,Osceola County CDD directory,https://championsgatecdd.com,Org + website on Osceola County CDD directory. Contact Open. Site: https://championsgatecdd.com,orlando,community / amenity event
concord-estates-cdd-district-amenity-desk,Concord Estates CDD,Osceola,Kissimmee,,,Fest_Events,Regional_Enterprise,CDD/HOA amenity,,District / Amenity desk,,,A,2000,prospect,Later,N,Open,Estimated,28.292,-81.4076,https://concordeestatescdd.org/contacts,Osceola County CDD directory,https://concordeestatescdd.org,Org + website on Osceola County CDD directory. Contact Open. Site: https://concordeestatescdd.org,orlando,community / amenity event
crossings-cdd-district-amenity-desk,Crossings CDD,Osceola,Kissimmee,,,Fest_Events,Regional_Enterprise,CDD/HOA amenity,,District / Amenity desk,,,A,2000,prospect,Later,N,Open,Estimated,28.292,-81.4076,https://crossingscdd.com/contacts,Osceola County CDD directory,https://crossingscdd.com,Org + website on Osceola County CDD directory. Contact Open. Site: https://crossingscdd.com,orlando,community / amenity event
edgewater-east-cdd-district-amenity-desk,Edgewater East CDD,Osceola,St. Cloud,,,Fest_Events,Regional_Enterprise,CDD/HOA amenity,,District / Amenity desk,,,A,2000,prospect,Later,N,Open,Estimated,28.2489,-81.2812,https://edgewatereastcdd.net/contacts,Osceola County CDD directory,https://edgewatereastcdd.net,Org + website on Osceola County CDD directory. Contact Open. Site: https://edgewatereastcdd.net,orlando,community / amenity event
edgewater-west-cdd-district-amenity-desk,Edgewater West CDD,Osceola,St. Cloud,,,Fest_Events,Regional_Enterprise,CDD/HOA amenity,,District / Amenity desk,,,A,2000,prospect,Later,N,Open,Estimated,28.2489,-81.2812,https://edgewaterwestcdd.net/contacts,Osceola County CDD directory,https://edgewaterwestcdd.net,Org + website on Osceola County CDD directory. Contact Open. Site: https://edgewaterwestcdd.net,orlando,community / amenity event
enterprise-cdd-district-amenity-desk,Enterprise CDD,Osceola,Kissimmee,,,Fest_Events,Regional_Enterprise,CDD/HOA amenity,,District / Amenity desk,,,A,2000,prospect,Later,N,Open,Estimated,28.292,-81.4076,https://enterprisecdd.org/contacts,Osceola County CDD directory,https://enterprisecdd.org,Org + website on Osceola County CDD directory. Contact Open. Site: https://enterprisecdd.org,orlando,community / amenity event
everest-gmr-cdd-district-amenity-desk,Everest GMR CDD,Osceola,Kissimmee,,,Fest_Events,Regional_Enterprise,CDD/HOA amenity,,District / Amenity desk,,,A,2000,prospect,Later,N,Open,Estimated,28.292,-81.4076,https://everestgmrcdd.com/contacts,Osceola County CDD directory,https://everestgmrcdd.com,Org + website on Osceola County CDD directory. Contact Open. Site: https://everestgmrcdd.com,orlando,community / amenity event
fish-lake-cove-cdd-district-amenity-desk,Fish Lake Cove CDD,Osceola,Kissimmee,,,Fest_Events,Regional_Enterprise,CDD/HOA amenity,,District / Amenity desk,,,A,2000,prospect,Later,N,Open,Estimated,28.292,-81.4076,https://fishlakecovecdd.net/contacts,Osceola County CDD directory,https://fishlakecovecdd.net,Org + website on Osceola County CDD directory. Contact Open. Site: https://fishlakecovecdd.net,orlando,community / amenity event
gir-east-cdd-district-amenity-desk,GIR East CDD,Osceola,Kissimmee,,,Fest_Events,Regional_Enterprise,CDD/HOA amenity,,District / Amenity desk,,,A,2000,prospect,Later,N,Open,Estimated,28.292,-81.4076,https://gireastcdd.com/contacts,Osceola County CDD directory,https://gireastcdd.com,Org + website on Osceola County CDD directory. Contact Open. Site: https://gireastcdd.com,orlando,community / amenity event
gramercy-farms-cdd-district-amenity-desk,Gramercy Farms CDD,Osceola,St. Cloud,,,Fest_Events,Regional_Enterprise,CDD/HOA amenity,,District / Amenity desk,,,A,2000,prospect,Later,N,Open,Estimated,28.2489,-81.2812,https://gramercyfarmscdd.org/contacts,Osceola County CDD directory,https://gramercyfarmscdd.org,Org + website on Osceola County CDD directory. Contact Open. Site: https://gramercyfarmscdd.org,orlando,community / amenity event
ham-brown-reserve-cdd-district-amenity-desk,Ham Brown Reserve CDD,Osceola,Kissimmee,,,Fest_Events,Regional_Enterprise,CDD/HOA amenity,,District / Amenity desk,,,A,2000,prospect,Later,N,Open,Estimated,28.292,-81.4076,https://hambrownreservecdd.net/contacts,Osceola County CDD directory,https://hambrownreservecdd.net,Org + website on Osceola County CDD directory. Contact Open. Site: https://hambrownreservecdd.net,orlando,community / amenity event
harbor-reserve-cdd-district-amenity-desk,Harbor Reserve CDD,Osceola,Kissimmee,,,Fest_Events,Regional_Enterprise,CDD/HOA amenity,,District / Amenity desk,,,A,2000,prospect,Later,N,Open,Estimated,28.292,-81.4076,https://harborreservecdd.net/contacts,Osceola County CDD directory,https://harborreservecdd.net,Org + website on Osceola County CDD directory. Contact Open. Site: https://harborreservecdd.net,orlando,community / amenity event
harmony-west-cdd-district-amenity-desk,Harmony West CDD,Osceola,Harmony,,,Fest_Events,Regional_Enterprise,CDD/HOA amenity,,District / Amenity desk,,,A,2000,prospect,Later,N,Open,Estimated,28.1886,-81.1473,https://harmonywestcdd.net/contacts,Osceola County CDD directory,https://harmonywestcdd.net,Org + website on Osceola County CDD directory. Contact Open. Site: https://harmonywestcdd.net,orlando,community / amenity event
hickory-tree-cdd-district-amenity-desk,Hickory Tree CDD,Osceola,St. Cloud,,,Fest_Events,Regional_Enterprise,CDD/HOA amenity,,District / Amenity desk,,,A,2000,prospect,Later,N,Open,Estimated,28.2489,-81.2812,https://hickorytreecdd.com/contacts,Osceola County CDD directory,https://hickorytreecdd.com,Org + website on Osceola County CDD directory. Contact Open. Site: https://hickorytreecdd.com,orlando,community / amenity event
kindred-cdd-district-amenity-desk,Kindred CDD,Osceola,Kissimmee,,,Fest_Events,Regional_Enterprise,CDD/HOA amenity,,District / Amenity desk,,,A,2000,prospect,Later,N,Open,Estimated,28.292,-81.4076,https://townofkindredcdd.org/contacts,Osceola County CDD directory,https://townofkindredcdd.org,Org + website on Osceola County CDD directory. Contact Open. Site: https://townofkindredcdd.org,orlando,community / amenity event
knightsbridge-cdd-district-amenity-desk,Knightsbridge CDD,Osceola,Kissimmee,,,Fest_Events,Regional_Enterprise,CDD/HOA amenity,,District / Amenity desk,,,A,2000,prospect,Later,N,Open,Estimated,28.292,-81.4076,https://knightsbridgecdd.com/contacts,Osceola County CDD directory,https://knightsbridgecdd.com,Org + website on Osceola County CDD directory. Contact Open. Site: https://knightsbridgecdd.com,orlando,community / amenity event
lake-lizzie-cdd-district-amenity-desk,Lake Lizzie CDD,Osceola,St. Cloud,,,Fest_Events,Regional_Enterprise,CDD/HOA amenity,,District / Amenity desk,,,A,2000,prospect,Later,N,Open,Estimated,28.2489,-81.2812,https://lakelizziecdd.com/contacts,Osceola County CDD directory,https://lakelizziecdd.com,Org + website on Osceola County CDD directory. Contact Open. Site: https://lakelizziecdd.com,orlando,community / amenity event
lakeside-at-satilla-cdd-district-amenity-desk,Lakeside at Satilla CDD,Osceola,Kissimmee,,,Fest_Events,Regional_Enterprise,CDD/HOA amenity,,District / Amenity desk,,,A,2000,prospect,Later,N,Open,Estimated,28.292,-81.4076,https://lakesideatsatillacdd.net/contacts,Osceola County CDD directory,https://lakesideatsatillacdd.net,Org + website on Osceola County CDD directory. Contact Open. Site: https://lakesideatsatillacdd.net,orlando,community / amenity event
live-oak-lake-cdd-district-amenity-desk,Live Oak Lake CDD,Osceola,St. Cloud,,,Fest_Events,Regional_Enterprise,CDD/HOA amenity,,District / Amenity desk,,,A,2000,prospect,Later,N,Open,Estimated,28.2489,-81.2812,https://liveoaklakecdd.com/contacts,Osceola County CDD directory,https://liveoaklakecdd.com,Org + website on Osceola County CDD directory. Contact Open. Site: https://liveoaklakecdd.com,orlando,community / amenity event
magic-place-cdd-district-amenity-desk,Magic Place CDD,Osceola,Kissimmee,,,Fest_Events,Regional_Enterprise,CDD/HOA amenity,,District / Amenity desk,,,A,2000,prospect,Later,N,Open,Estimated,28.292,-81.4076,https://magicplacecdd.com/contacts,Osceola County CDD directory,https://magicplacecdd.com,Org + website on Osceola County CDD directory. Contact Open. Site: https://magicplacecdd.com,orlando,community / amenity event
magic-reserve-cdd-district-amenity-desk,Magic Reserve CDD,Osceola,Kissimmee,,,Fest_Events,Regional_Enterprise,CDD/HOA amenity,,District / Amenity desk,,,A,2000,prospect,Later,N,Open,Estimated,28.292,-81.4076,https://magicreservecdd.com/contacts,Osceola County CDD directory,https://magicreservecdd.com,Org + website on Osceola County CDD directory. Contact Open. Site: https://magicreservecdd.com,orlando,community / amenity event
old-hickory-cdd-district-amenity-desk,Old Hickory CDD,Osceola,St. Cloud,,,Fest_Events,Regional_Enterprise,CDD/HOA amenity,,District / Amenity desk,,,A,2000,prospect,Later,N,Open,Estimated,28.2489,-81.2812,https://oldhickorycdd.com/contacts,Osceola County CDD directory,https://oldhickorycdd.com,Org + website on Osceola County CDD directory. Contact Open. Site: https://oldhickorycdd.com,orlando,community / amenity event
osceola-chain-of-lakes-cdd-district-amenity-desk,Osceola Chain of Lakes CDD,Osceola,Kissimmee,,,Fest_Events,Regional_Enterprise,CDD/HOA amenity,,District / Amenity desk,,,A,2000,prospect,Later,N,Open,Estimated,28.292,-81.4076,https://osceolachainoflakescdd.org/contacts,Osceola County CDD directory,https://osceolachainoflakescdd.org,Org + website on Osceola County CDD directory. Contact Open. Site: https://osceolachainoflakescdd.org,orlando,community / amenity event
osceola-village-center-cdd-district-amenity-desk,Osceola Village Center CDD,Osceola,Kissimmee,,,Fest_Events,Regional_Enterprise,CDD/HOA amenity,,District / Amenity desk,,,A,2000,prospect,Later,N,Open,Estimated,28.292,-81.4076,https://osceolavillagecentercdd.net/contacts,Osceola County CDD directory,https://osceolavillagecentercdd.net,Org + website on Osceola County CDD directory. Contact Open. Site: https://osceolavillagecentercdd.net,orlando,community / amenity event
overoaks-cdd-district-amenity-desk,Overoaks CDD,Osceola,Kissimmee,,,Fest_Events,Regional_Enterprise,CDD/HOA amenity,,District / Amenity desk,,,A,2000,prospect,Later,N,Open,Estimated,28.292,-81.4076,https://overoakscdd.org/contacts,Osceola County CDD directory,https://overoakscdd.org,Org + website on Osceola County CDD directory. Contact Open. Site: https://overoakscdd.org,orlando,community / amenity event
portofino-vista-cdd-district-amenity-desk,Portofino Vista CDD,Osceola,Kissimmee,,,Fest_Events,Regional_Enterprise,CDD/HOA amenity,,District / Amenity desk,,,A,2000,prospect,Later,N,Open,Estimated,28.292,-81.4076,https://portofinovistacdd.com/contacts,Osceola County CDD directory,https://portofinovistacdd.com,Org + website on Osceola County CDD directory. Contact Open. Site: https://portofinovistacdd.com,orlando,community / amenity event
preston-cove-cdd-district-amenity-desk,Preston Cove CDD,Osceola,Kissimmee,,,Fest_Events,Regional_Enterprise,CDD/HOA amenity,,District / Amenity desk,,,A,2000,prospect,Later,N,Open,Estimated,28.292,-81.4076,https://prestoncovecdd.com/contacts,Osceola County CDD directory,https://prestoncovecdd.com,Org + website on Osceola County CDD directory. Contact Open. Site: https://prestoncovecdd.com,orlando,community / amenity event
remington-cdd-district-amenity-desk,Remington CDD,Osceola,Kissimmee,,,Fest_Events,Regional_Enterprise,CDD/HOA amenity,,District / Amenity desk,,,A,2000,prospect,Later,N,Open,Estimated,28.292,-81.4076,https://remingtoncdd.com/contacts,Osceola County CDD directory,https://remingtoncdd.com,Org + website on Osceola County CDD directory. Contact Open. Site: https://remingtoncdd.com,orlando,community / amenity event
reunion-east-cdd-district-amenity-desk,Reunion East CDD,Osceola,Reunion,,,Fest_Events,Regional_Enterprise,CDD/HOA amenity,,District / Amenity desk,,,A,2000,prospect,Later,N,Open,Estimated,28.285,-81.598,https://reunioneastcdd.com/contacts,Osceola County CDD directory,https://reunioneastcdd.com,Org + website on Osceola County CDD directory. Contact Open. Site: https://reunioneastcdd.com,orlando,community / amenity event
reunion-west-cdd-district-amenity-desk,Reunion West CDD,Osceola,Reunion,,,Fest_Events,Regional_Enterprise,CDD/HOA amenity,,District / Amenity desk,,,A,2000,prospect,Later,N,Open,Estimated,28.285,-81.598,https://reunionwestcdd.com/contacts,Osceola County CDD directory,https://reunionwestcdd.com,Org + website on Osceola County CDD directory. Contact Open. Site: https://reunionwestcdd.com,orlando,community / amenity event
roan-bridge-cdd-district-amenity-desk,Roan Bridge CDD,Osceola,Kissimmee,,,Fest_Events,Regional_Enterprise,CDD/HOA amenity,,District / Amenity desk,,,A,2000,prospect,Later,N,Open,Estimated,28.292,-81.4076,https://roanbridgecdd.net/contacts,Osceola County CDD directory,https://roanbridgecdd.net,Org + website on Osceola County CDD directory. Contact Open. Site: https://roanbridgecdd.net,orlando,community / amenity event
rolling-oaks-cdd-district-amenity-desk,Rolling Oaks CDD,Osceola,Clermont corridor,,,Fest_Events,Regional_Enterprise,CDD/HOA amenity,,District / Amenity desk,,,A,2000,prospect,Later,N,Open,Estimated,28.5494,-81.7729,https://rollingoakscdd.com/contacts,Osceola County CDD directory,https://rollingoakscdd.com,Org + website on Osceola County CDD directory. Contact Open. Site: https://rollingoakscdd.com,orlando,community / amenity event
shingle-creek-at-bronson-cdd-district-amenity-desk,Shingle Creek at Bronson CDD,Osceola,Kissimmee,,,Fest_Events,Regional_Enterprise,CDD/HOA amenity,,District / Amenity desk,,,A,2000,prospect,Later,N,Open,Estimated,28.292,-81.4076,https://shinglecreekatbronsoncdd.com/contacts,Osceola County CDD directory,https://shinglecreekatbronsoncdd.com,Org + website on Osceola County CDD directory. Contact Open. Site: https://shinglecreekatbronsoncdd.com,orlando,community / amenity event
stevens-plantation-cdd-district-amenity-desk,Stevens Plantation CDD,Osceola,St. Cloud,,,Fest_Events,Regional_Enterprise,CDD/HOA amenity,,District / Amenity desk,,,A,2000,prospect,Later,N,Open,Estimated,28.2489,-81.2812,https://www.stevensplantationcdd.org/contacts,Osceola County CDD directory,https://www.stevensplantationcdd.org,Org + website on Osceola County CDD directory. Contact Open. Site: https://www.stevensplantationcdd.org,orlando,community / amenity event
stoneybrook-south-at-championsgate-cdd-district-amenity-desk,Stoneybrook South at Championsgate CDD,Osceola,ChampionsGate,,,Fest_Events,Regional_Enterprise,CDD/HOA amenity,,District / Amenity desk,,,A,2000,prospect,Later,N,Open,Estimated,28.2617,-81.6281,https://stoneybrooksouthatchampionsgatecdd.com/contacts,Osceola County CDD directory,https://stoneybrooksouthatchampionsgatecdd.com,Org + website on Osceola County CDD directory. Contact Open. Site: https://stoneybrooksouthatchampionsgatecdd.com,orlando,community / amenity event
storey-creek-cdd-district-amenity-desk,Storey Creek CDD,Osceola,Kissimmee,,,Fest_Events,Regional_Enterprise,CDD/HOA amenity,,District / Amenity desk,,,A,2000,prospect,Later,N,Open,Estimated,28.292,-81.4076,https://storeycreekcdd.com/contacts,Osceola County CDD directory,https://storeycreekcdd.com,Org + website on Osceola County CDD directory. Contact Open. Site: https://storeycreekcdd.com,orlando,community / amenity event
tapestry-cdd-district-amenity-desk,Tapestry CDD,Osceola,Kissimmee,,,Fest_Events,Regional_Enterprise,CDD/HOA amenity,,District / Amenity desk,,,A,2000,prospect,Later,N,Open,Estimated,28.292,-81.4076,https://tapestrycdd.com/contacts,Osceola County CDD directory,https://tapestrycdd.com,Org + website on Osceola County CDD directory. Contact Open. Site: https://tapestrycdd.com,orlando,community / amenity event
tohoqua-cdd-district-amenity-desk,Tohoqua CDD,Osceola,Kissimmee,,,Fest_Events,Regional_Enterprise,CDD/HOA amenity,,District / Amenity desk,,,A,2000,prospect,Later,N,Open,Estimated,28.292,-81.4076,https://tohoquacdd.com/contacts,Osceola County CDD directory,https://tohoquacdd.com,Org + website on Osceola County CDD directory. Contact Open. Site: https://tohoquacdd.com,orlando,community / amenity event
villasol-cdd-district-amenity-desk,VillaSol CDD,Osceola,Kissimmee,,,Fest_Events,Regional_Enterprise,CDD/HOA amenity,,District / Amenity desk,,,A,2000,prospect,Later,N,Open,Estimated,28.292,-81.4076,https://villasolcdd.org/contacts,Osceola County CDD directory,https://villasolcdd.org,Org + website on Osceola County CDD directory. Contact Open. Site: https://villasolcdd.org,orlando,community / amenity event
visions-at-orlando-west-cdd-district-amenity-desk,Visions at Orlando West CDD,Osceola,Kissimmee,,,Fest_Events,Regional_Enterprise,CDD/HOA amenity,,District / Amenity desk,,,A,2000,prospect,Later,N,Open,Estimated,28.292,-81.4076,https://visionsatorlandowestcdd.net/contacts,Osceola County CDD directory,https://visionsatorlandowestcdd.net,Org + website on Osceola County CDD directory. Contact Open. Site: https://visionsatorlandowestcdd.net,orlando,community / amenity event
westside-cdd-district-amenity-desk,Westside CDD,Osceola,Kissimmee,,,Fest_Events,Regional_Enterprise,CDD/HOA amenity,,District / Amenity desk,,,A,2000,prospect,Later,N,Open,Estimated,28.292,-81.4076,https://westsidecdd.com/contacts,Osceola County CDD directory,https://westsidecdd.com,Org + website on Osceola County CDD directory. Contact Open. Site: https://westsidecdd.com,orlando,community / amenity event
windsor-at-westside-cdd-district-amenity-desk,Windsor at Westside CDD,Osceola,Kissimmee,,,Fest_Events,Regional_Enterprise,CDD/HOA amenity,,District / Amenity desk,,,A,2000,prospect,Later,N,Open,Estimated,28.292,-81.4076,https://windsoratwestsidecdd.com/contacts,Osceola County CDD directory,https://windsoratwestsidecdd.com,Org + website on Osceola County CDD directory. Contact Open. Site: https://windsoratwestsidecdd.com,orlando,community / amenity event
windward-cdd-district-amenity-desk,Windward CDD,Osceola,Kissimmee,,,Fest_Events,Regional_Enterprise,CDD/HOA amenity,,District / Amenity desk,,,A,2000,prospect,Later,N,Open,Estimated,28.292,-81.4076,https://windwardcdd.com/contacts,Osceola County CDD directory,https://windwardcdd.com,Org + website on Osceola County CDD directory. Contact Open. Site: https://windwardcdd.com,orlando,community / amenity event
boggy-creek-improvement-district-district-amenity-desk,Boggy Creek Improvement District,Orange,Lake Nona,,,Fest_Events,Regional_Enterprise,CDD/HOA amenity,,District / Amenity desk,,,A,2000,prospect,Later,N,Open,Estimated,28.3715,-81.2439,https://www.boggycreekid.org,Orange County Independent Districts list,https://www.boggycreekid.org,Org on Orange County independent districts list. Contact Open.,orlando,community / amenity event
bonnet-creek-resort-cdd-district-amenity-desk,Bonnet Creek Resort CDD,Orange,Orlando,,,Fest_Events,Regional_Enterprise,CDD/HOA amenity,,District / Amenity desk,,,A,2000,prospect,Later,N,Open,Estimated,28.5383,-81.3792,https://www.bonnetcreekresortcdd.com,Orange County Independent Districts list,https://www.bonnetcreekresortcdd.com,Org on Orange County independent districts list. Contact Open.,orlando,community / amenity event
dowden-west-cdd-district-amenity-desk,Dowden West CDD,Orange,Lake Nona,,,Fest_Events,Regional_Enterprise,CDD/HOA amenity,,District / Amenity desk,,,A,2000,prospect,Later,N,Open,Estimated,28.3715,-81.2439,https://www.dowdenwestcdd.com,Orange County Independent Districts list,https://www.dowdenwestcdd.com,Org on Orange County independent districts list. Contact Open.,orlando,community / amenity event
east-park-cdd-district-amenity-desk,East Park CDD,Orange,Orlando,,,Fest_Events,Regional_Enterprise,CDD/HOA amenity,,District / Amenity desk,,,A,2000,prospect,Later,N,Open,Estimated,28.5383,-81.3792,https://EastParkCDD.org,Orange County Independent Districts list,https://EastParkCDD.org,Org on Orange County independent districts list. Contact Open.,orlando,community / amenity event
falcon-trace-cdd-district-amenity-desk,Falcon Trace CDD,Orange,Orlando,,,Fest_Events,Regional_Enterprise,CDD/HOA amenity,,District / Amenity desk,,,A,2000,prospect,Later,N,Open,Estimated,28.5383,-81.3792,https://www.falcontracecdd.com,Orange County Independent Districts list,https://www.falcontracecdd.com,Org on Orange County independent districts list. Contact Open.,orlando,community / amenity event
frerc-cdd-district-amenity-desk,FRERC CDD,Orange,Orlando,,,Fest_Events,Regional_Enterprise,CDD/HOA amenity,,District / Amenity desk,,,A,2000,prospect,Later,N,Open,Estimated,28.5383,-81.3792,https://www.frerccdd.net,Orange County Independent Districts list,https://www.frerccdd.net,Org on Orange County independent districts list. Contact Open.,orlando,community / amenity event
grande-pines-cdd-district-amenity-desk,Grande Pines CDD,Orange,Orlando,,,Fest_Events,Regional_Enterprise,CDD/HOA amenity,,District / Amenity desk,,,A,2000,prospect,Later,N,Open,Estimated,28.5383,-81.3792,https://centralsitedev.com/grande-pines/,Orange County Independent Districts list,https://centralsitedev.com/grande-pines/,Org on Orange County independent districts list. Contact Open.,orlando,community / amenity event
greeneway-improvement-district-district-amenity-desk,GreeneWay Improvement District,Orange,Lake Nona,,,Fest_Events,Regional_Enterprise,CDD/HOA amenity,,District / Amenity desk,,,A,2000,prospect,Later,N,Open,Estimated,28.3715,-81.2439,https://www.greenewayid.org,Orange County Independent Districts list,https://www.greenewayid.org,Org on Orange County independent districts list. Contact Open.,orlando,community / amenity event
grove-resort-cdd-district-amenity-desk,Grove Resort CDD,Orange,Winter Garden,,,Fest_Events,Regional_Enterprise,CDD/HOA amenity,,District / Amenity desk,,,A,2000,prospect,Later,N,Open,Estimated,28.5653,-81.5862,https://groveresortcdd.com,Orange County Independent Districts list,https://groveresortcdd.com,Org on Orange County independent districts list. Contact Open.,orlando,community / amenity event
myrtle-creek-improvement-district-district-amenity-desk,Myrtle Creek Improvement District,Orange,Lake Nona,,,Fest_Events,Regional_Enterprise,CDD/HOA amenity,,District / Amenity desk,,,A,2000,prospect,Later,N,Open,Estimated,28.3715,-81.2439,https://www.myrtlecreekid.org,Orange County Independent Districts list,https://www.myrtlecreekid.org,Org on Orange County independent districts list. Contact Open.,orlando,community / amenity event
narcoossee-cdd-district-amenity-desk,Narcoossee CDD,Orange,Orlando,,,Fest_Events,Regional_Enterprise,CDD/HOA amenity,,District / Amenity desk,,,A,2000,prospect,Later,N,Open,Estimated,28.5383,-81.3792,https://www.narcoosseecdd.com,Orange County Independent Districts list,https://www.narcoosseecdd.com,Org on Orange County independent districts list. Contact Open.,orlando,community / amenity event
poitras-east-cdd-district-amenity-desk,Poitras East CDD,Orange,Lake Nona,,,Fest_Events,Regional_Enterprise,CDD/HOA amenity,,District / Amenity desk,,,A,2000,prospect,Later,N,Open,Estimated,28.3715,-81.2439,https://poitraseastcdd.com,Orange County Independent Districts list,https://poitraseastcdd.com,Org on Orange County independent districts list. Contact Open.,orlando,community / amenity event
randal-park-cdd-district-amenity-desk,Randal Park CDD,Orange,Lake Nona,,,Fest_Events,Regional_Enterprise,CDD/HOA amenity,,District / Amenity desk,,,A,2000,prospect,Later,N,Open,Estimated,28.3715,-81.2439,https://www.randalparkcommunity.com,Orange County Independent Districts list,https://www.randalparkcommunity.com,Org on Orange County independent districts list. Contact Open.,orlando,community / amenity event
stoneybrook-west-cdd-district-amenity-desk,Stoneybrook West CDD,Orange,Winter Garden,,,Fest_Events,Regional_Enterprise,CDD/HOA amenity,,District / Amenity desk,,,A,2000,prospect,Later,N,Open,Estimated,28.5653,-81.5862,https://stoneybrookwestcdd.org,Orange County Independent Districts list,https://stoneybrookwestcdd.org,Org on Orange County independent districts list. Contact Open.,orlando,community / amenity event
storey-park-cdd-district-amenity-desk,Storey Park CDD,Orange,Orlando,,,Fest_Events,Regional_Enterprise,CDD/HOA amenity,,District / Amenity desk,,,A,2000,prospect,Later,N,Open,Estimated,28.5383,-81.3792,https://www.storeyparkcdd.com,Orange County Independent Districts list,https://www.storeyparkcdd.com,Org on Orange County independent districts list. Contact Open.,orlando,community / amenity event
urban-orlando-cdd-district-amenity-desk,Urban Orlando CDD,Orange,Orlando,,,Fest_Events,Regional_Enterprise,CDD/HOA amenity,,District / Amenity desk,,,A,2000,prospect,Later,N,Open,Estimated,28.5383,-81.3792,https://Urbanorlandocdd.org,Orange County Independent Districts list,https://Urbanorlandocdd.org,Org on Orange County independent districts list. Contact Open.,orlando,community / amenity event
vista-lakes-cdd-district-amenity-desk,Vista Lakes CDD,Orange,Orlando,,,Fest_Events,Regional_Enterprise,CDD/HOA amenity,,District / Amenity desk,,,A,2000,prospect,Later,N,Open,Estimated,28.5383,-81.3792,https://Vistalakescdd.org,Orange County Independent Districts list,https://Vistalakescdd.org,Org on Orange County independent districts list. Contact Open.,orlando,community / amenity event
westwood-occ-cdd-district-amenity-desk,Westwood / OCC CDD,Orange,Orlando,,,Fest_Events,Regional_Enterprise,CDD/HOA amenity,,District / Amenity desk,,,A,2000,prospect,Later,N,Open,Estimated,28.5383,-81.3792,https://www.westwoodocccdd.com,Orange County Independent Districts list,https://www.westwoodocccdd.com,Org on Orange County independent districts list. Contact Open.,orlando,community / amenity event
winter-garden-village-at-fowler-groves-cdd-district-amenity-desk,Winter Garden Village at Fowler Groves CDD,Orange,Winter Garden,,,Fest_Events,Regional_Enterprise,CDD/HOA amenity,,District / Amenity desk,,,A,2000,prospect,Later,N,Open,Estimated,28.5653,-81.5862,https://wgvcdd.com,Orange County Independent Districts list,https://wgvcdd.com,Org on Orange County independent districts list. Contact Open.,orlando,community / amenity event
firstservice-residential-florida-lifestyle-lifestyle-solutions,FirstService Residential — Florida Lifestyle,National / FL,Florida multi,FirstService Residential,national,Fest_Events,Regional_Enterprise,National stitch,,Lifestyle Solutions,866-378-1099,,S,3000,prospect,Later,N,Verified,Estimated,27.9506,-82.4572,https://www.fsresidential.com/florida/what-we-do/lifestyle-services/,FSR lifestyle,https://www.fsresidential.com/florida/what-we-do/lifestyle-services/,National amenity/lifestyle. No invent email.,stitch,
vesta-property-services-central-fl-amenity-lifestyle,Vesta Property Services — Central FL,FL multi,Central FL,Vesta,regional,Fest_Events,Regional_Enterprise,National stitch,,Amenity / Lifestyle,877-988-3782,,S,3000,prospect,Later,N,Verified,Estimated,27.9506,-82.4572,https://vestapropertyservices.com/,Vesta,,Amenity management across FL.,stitch,
inframark-central-fl-district-portfolio-district-services,Inframark — Central FL district portfolio,FL,Celebration,Inframark,national,Fest_Events,Regional_Enterprise,National stitch,,District services,407-566-1935,,A,2000,prospect,Later,N,Verified,Estimated,28.3252,-81.5331,https://www.celebrationcdd.org/contacts,Inframark on Celebration,,Celebration proves Inframark Central FL.,stitch,
rizzetta-company-central-fl-district-management,Rizzetta & Company — Central FL,FL,Tampa HQ / FL multi,Rizzetta,regional,Fest_Events,Regional_Enterprise,National stitch,,District management,813-994-1001,,A,2000,prospect,Later,N,Open,Estimated,27.9506,-82.4572,https://www.rizzetta.com/,Rizzetta,,100+ districts FL.,stitch,
castle-group-central-fl-community-director-path,Castle Group — Central FL,FL,FL multi,Castle Group,national,Fest_Events,Regional_Enterprise,National stitch,,Community Director path,800-337-5850,,A,2000,prospect,Later,N,Open,Estimated,27.9506,-82.4572,https://www.castlegroup.com/,Castle Group,,Multi-community CAM.,stitch,
brooks-rehabilitation-pattern-only-kelly-devenny-recreation-therapy-pattern,Brooks Rehabilitation — pattern only,Brooks network,Jacksonville HQ / multi,Brooks,regional,Fest_Events,Regional_Enterprise,National stitch,Kelly Devenny,Recreation Therapy pattern,,Kelly.Devenny@Brooksrehab.org,S,3000,prospect,Warm,N,Verified,Estimated,27.9506,-82.4572,https://brooksrehab.org/services/therapy/recreation/,Brooks Recreation Therapy,,PATTERN ONLY. Do NOT claim cashed. Unpaid/open.,stitch,
brookdale-senior-living-orlando-fl-footprint-activities-advisor,Brookdale Senior Living — Orlando FL footprint,National,Orlando multi,Brookdale,national,Fest_Events,Regional_Enterprise,National stitch,,Activities / Advisor,877-390-2597,,A,2000,prospect,Later,N,Open,Estimated,28.5383,-81.3792,https://www.brookdale.com/,Brookdale,https://www.brookdale.com/,Multi-site senior. No invent corp email.,stitch,
pfm-management-services-central-fl-cdd-book-lynne-mullins-district-management,PFM Management Services — Central FL CDD book,Central FL,Orlando,PFM,regional,Fest_Events,Regional_Enterprise,National stitch,Lynne Mullins,District management,407-723-5900,mullinsl@pfm.com,A,2000,prospect,Warm,N,Verified,Estimated,28.5383,-81.3792,https://harmonycdd.org/contact/,PFM on Harmony,,PFM manages Harmony + other Central FL districts.,stitch,
brookdale-dr-phillips-activities-life-enrichment,Brookdale Dr. Phillips,Orange,Dr. Phillips,Brookdale,national,Recurring_Weekday,Regional_Subscription,Senior,,Activities / Life enrichment,407-903-1808,,A,2000,prospect,Later,N,Open,Estimated,28.45,-81.49,https://www.brookdale.com/en/communities/brookdale-dr-phillips-al.html,Brookdale public community pages,https://www.brookdale.com/en/communities/brookdale-dr-phillips-al.html,Named Brookdale on public pages. Ask Activities. Email Open.,orlando,resident visit
brookdale-conway-activities-life-enrichment,Brookdale Conway,Orange,Conway,Brookdale,national,Recurring_Weekday,Regional_Subscription,Senior,,Activities / Life enrichment,,,A,2000,prospect,Later,N,Open,Estimated,28.496,-81.33,https://www.brookdale.com/en/communities/brookdale-conway-florida/assisted-living.html,Brookdale public community pages,https://www.brookdale.com/en/communities/brookdale-conway-florida/assisted-living.html,Named Brookdale on public pages. Ask Activities. Email Open.,orlando,resident visit
brookdale-lake-mary-activities-life-enrichment,Brookdale Lake Mary,Orange,Lake Mary,Brookdale,national,Recurring_Weekday,Regional_Subscription,Senior,,Activities / Life enrichment,,,A,2000,prospect,Later,N,Open,Estimated,28.7589,-81.3178,https://www.brookdale.com/,Brookdale public community pages,https://www.brookdale.com/,Named Brookdale on public pages. Ask Activities. Email Open.,orlando,resident visit
brookdale-altamonte-springs-activities-life-enrichment,Brookdale Altamonte Springs,Orange,Altamonte Springs,Brookdale,national,Recurring_Weekday,Regional_Subscription,Senior,,Activities / Life enrichment,,,A,2000,prospect,Later,N,Open,Estimated,28.6611,-81.3656,https://www.brookdale.com/,Brookdale public community pages,https://www.brookdale.com/,Named Brookdale on public pages. Ask Activities. Email Open.,orlando,resident visit
brookdale-wekiwa-springs-activities-life-enrichment,Brookdale Wekiwa Springs,Orange,Wekiwa Springs,Brookdale,national,Recurring_Weekday,Regional_Subscription,Senior,,Activities / Life enrichment,,,A,2000,prospect,Later,N,Open,Estimated,28.711,-81.456,https://www.brookdale.com/,Brookdale public community pages,https://www.brookdale.com/,Named Brookdale on public pages. Ask Activities. Email Open.,orlando,resident visit
brookdale-orlando-south-activities-life-enrichment,Brookdale Orlando South,Orange,Orlando,Brookdale,national,Recurring_Weekday,Regional_Subscription,Senior,,Activities / Life enrichment,,,A,2000,prospect,Later,N,Open,Estimated,28.5383,-81.3792,https://www.brookdale.com/,Brookdale public community pages,https://www.brookdale.com/,Named Brookdale on public pages. Ask Activities. Email Open.,orlando,resident visit
savannah-court-of-lake-mary-activities-desk,Savannah Court of Lake Mary,Central FL,Lake Mary,,,Recurring_Weekday,Regional_Subscription,Senior,,Activities desk,,,B,1500,prospect,Later,N,Open,Estimated,28.7589,-81.3178,,Public senior identity,,Public-listed senior. Confirm Activities phone. Email Open.,orlando,resident visit
grand-court-of-altamonte-activities-desk,Grand Court of Altamonte,Central FL,Altamonte Springs,,,Recurring_Weekday,Regional_Subscription,Senior,,Activities desk,,,B,1500,prospect,Later,N,Open,Estimated,28.6611,-81.3656,,Public senior identity,,Public-listed senior. Confirm Activities phone. Email Open.,orlando,resident visit
the-cascades-of-ocoee-activities-desk,The Cascades of Ocoee,Central FL,Ocoee,,,Recurring_Weekday,Regional_Subscription,Senior,,Activities desk,,,B,1500,prospect,Later,N,Open,Estimated,28.5692,-81.544,,Public senior identity,,Public-listed senior. Confirm Activities phone. Email Open.,orlando,resident visit
independence-hall-winter-park-activities-desk,Independence Hall — Winter Park,Central FL,Winter Park,,,Recurring_Weekday,Regional_Subscription,Senior,,Activities desk,,,B,1500,prospect,Later,N,Open,Estimated,28.6,-81.3392,,Public senior identity,,Public-listed senior. Confirm Activities phone. Email Open.,orlando,resident visit
regents-park-of-winter-park-activities-desk,Regents Park of Winter Park,Central FL,Winter Park,,,Recurring_Weekday,Regional_Subscription,Senior,,Activities desk,,,B,1500,prospect,Later,N,Open,Estimated,28.6,-81.3392,,Public senior identity,,Public-listed senior. Confirm Activities phone. Email Open.,orlando,resident visit
orlando-lutheran-towers-activities-desk,Orlando Lutheran Towers,Central FL,Orlando,,,Recurring_Weekday,Regional_Subscription,Senior,,Activities desk,,,B,1500,prospect,Later,N,Open,Estimated,28.5383,-81.3792,,Public senior identity,,Public-listed senior. Confirm Activities phone. Email Open.,orlando,resident visit
presbyterian-towers-orlando-activities-desk,Presbyterian Towers — Orlando,Central FL,Orlando,,,Recurring_Weekday,Regional_Subscription,Senior,,Activities desk,,,B,1500,prospect,Later,N,Open,Estimated,28.5383,-81.3792,,Public senior identity,,Public-listed senior. Confirm Activities phone. Email Open.,orlando,resident visit
lakeview-senior-living-kissimmee-activities-desk,Lakeview Senior Living — Kissimmee,Central FL,Kissimmee,,,Recurring_Weekday,Regional_Subscription,Senior,,Activities desk,,,B,1500,prospect,Later,N,Open,Estimated,28.292,-81.4076,,Public senior identity,,Public-listed senior. Confirm Activities phone. Email Open.,orlando,resident visit
osprey-point-senior-kissimmee-activities-desk,Osprey Point Senior — Kissimmee,Central FL,Kissimmee,,,Recurring_Weekday,Regional_Subscription,Senior,,Activities desk,,,B,1500,prospect,Later,N,Open,Estimated,28.292,-81.4076,,Public senior identity,,Public-listed senior. Confirm Activities phone. Email Open.,orlando,resident visit
the-fountains-senior-orlando-activities-desk,The Fountains Senior — Orlando,Central FL,Orlando,,,Recurring_Weekday,Regional_Subscription,Senior,,Activities desk,,,B,1500,prospect,Later,N,Open,Estimated,28.5383,-81.3792,,Public senior identity,,Public-listed senior. Confirm Activities phone. Email Open.,orlando,resident visit
village-on-the-green-longwood-activities-desk,Village on the Green — Longwood,Central FL,Longwood,,,Recurring_Weekday,Regional_Subscription,Senior,,Activities desk,,,B,1500,prospect,Later,N,Open,Estimated,28.7031,-81.3465,,Public senior identity,,Public-listed senior. Confirm Activities phone. Email Open.,orlando,resident visit
amli-loso-leasing-lifestyle,AMLI LoSo,Central FL,Orlando,AMLI,national,Fest_Events,Luxury_Apt,Apartment programming,,Leasing / Lifestyle,,,A,2000,prospect,Later,N,Open,Estimated,28.5383,-81.3792,https://www.apartments.com/,Public apartment brand / directory,https://www.apartments.com/,Public multifamily footprint. Confirm lifestyle email. No invent.,orlando,resident weekend event
amli-at-baldwin-park-leasing-lifestyle,AMLI at Baldwin Park,Central FL,Orlando,AMLI,national,Fest_Events,Luxury_Apt,Apartment programming,,Leasing / Lifestyle,,,A,2000,prospect,Later,N,Open,Estimated,28.5383,-81.3792,https://www.apartments.com/,Public apartment brand / directory,https://www.apartments.com/,Public multifamily footprint. Confirm lifestyle email. No invent.,orlando,resident weekend event
camden-lake-nona-leasing-lifestyle,Camden Lake Nona,Central FL,Lake Nona,Camden,national,Fest_Events,Luxury_Apt,Apartment programming,,Leasing / Lifestyle,,,A,2000,prospect,Later,N,Open,Estimated,28.3715,-81.2439,https://www.apartments.com/,Public apartment brand / directory,https://www.apartments.com/,Public multifamily footprint. Confirm lifestyle email. No invent.,orlando,resident weekend event
camden-thornton-park-leasing-lifestyle,Camden Thornton Park,Central FL,Orlando,Camden,national,Fest_Events,Luxury_Apt,Apartment programming,,Leasing / Lifestyle,,,A,2000,prospect,Later,N,Open,Estimated,28.5383,-81.3792,https://www.apartments.com/,Public apartment brand / directory,https://www.apartments.com/,Public multifamily footprint. Confirm lifestyle email. No invent.,orlando,resident weekend event
greystar-lake-nona-properties-leasing-lifestyle,Greystar — Lake Nona properties,Central FL,Lake Nona,Greystar,national,Fest_Events,Luxury_Apt,Apartment programming,,Leasing / Lifestyle,,,A,2000,prospect,Later,N,Open,Estimated,28.3715,-81.2439,https://www.apartments.com/,Public apartment brand / directory,https://www.apartments.com/,Public multifamily footprint. Confirm lifestyle email. No invent.,orlando,resident weekend event
greystar-downtown-orlando-leasing-lifestyle,Greystar — Downtown Orlando,Central FL,Orlando,Greystar,national,Fest_Events,Luxury_Apt,Apartment programming,,Leasing / Lifestyle,,,A,2000,prospect,Later,N,Open,Estimated,28.5383,-81.3792,https://www.apartments.com/,Public apartment brand / directory,https://www.apartments.com/,Public multifamily footprint. Confirm lifestyle email. No invent.,orlando,resident weekend event
lincoln-property-orlando-portfolio-leasing-lifestyle,Lincoln Property — Orlando portfolio,Central FL,Orlando,Lincoln Property,national,Fest_Events,Luxury_Apt,Apartment programming,,Leasing / Lifestyle,,,A,2000,prospect,Later,N,Open,Estimated,28.5383,-81.3792,https://www.apartments.com/,Public apartment brand / directory,https://www.apartments.com/,Public multifamily footprint. Confirm lifestyle email. No invent.,orlando,resident weekend event
bozzuto-orlando-portfolio-leasing-lifestyle,Bozzuto — Orlando portfolio,Central FL,Orlando,Bozzuto,national,Fest_Events,Luxury_Apt,Apartment programming,,Leasing / Lifestyle,,,A,2000,prospect,Later,N,Open,Estimated,28.5383,-81.3792,https://www.apartments.com/,Public apartment brand / directory,https://www.apartments.com/,Public multifamily footprint. Confirm lifestyle email. No invent.,orlando,resident weekend event
related-orlando-portfolio-leasing-lifestyle,Related — Orlando portfolio,Central FL,Orlando,Related,national,Fest_Events,Luxury_Apt,Apartment programming,,Leasing / Lifestyle,,,A,2000,prospect,Later,N,Open,Estimated,28.5383,-81.3792,https://www.apartments.com/,Public apartment brand / directory,https://www.apartments.com/,Public multifamily footprint. Confirm lifestyle email. No invent.,orlando,resident weekend event
the-villas-at-lake-nona-leasing-lifestyle,The Villas at Lake Nona,Central FL,Lake Nona,,,Fest_Events,Luxury_Apt,Apartment programming,,Leasing / Lifestyle,,,B,1500,prospect,Later,N,Open,Estimated,28.3715,-81.2439,https://www.apartments.com/,Public apartment brand / directory,https://www.apartments.com/,Public multifamily footprint. Confirm lifestyle email. No invent.,orlando,resident weekend event
laureate-park-apartments-corridor-leasing-lifestyle,Laureate Park apartments corridor,Central FL,Lake Nona,,,Fest_Events,Luxury_Apt,Apartment programming,,Leasing / Lifestyle,,,B,1500,prospect,Later,N,Open,Estimated,28.3715,-81.2439,https://www.apartments.com/,Public apartment brand / directory,https://www.apartments.com/,Public multifamily footprint. Confirm lifestyle email. No invent.,orlando,resident weekend event
storey-park-apartments-leasing-lifestyle,Storey Park apartments,Central FL,Orlando,,,Fest_Events,Luxury_Apt,Apartment programming,,Leasing / Lifestyle,,,B,1500,prospect,Later,N,Open,Estimated,28.5383,-81.3792,https://www.apartments.com/,Public apartment brand / directory,https://www.apartments.com/,Public multifamily footprint. Confirm lifestyle email. No invent.,orlando,resident weekend event
vista-lakes-apartments-leasing-lifestyle,Vista Lakes apartments,Central FL,Orlando,,,Fest_Events,Luxury_Apt,Apartment programming,,Leasing / Lifestyle,,,B,1500,prospect,Later,N,Open,Estimated,28.5383,-81.3792,https://www.apartments.com/,Public apartment brand / directory,https://www.apartments.com/,Public multifamily footprint. Confirm lifestyle email. No invent.,orlando,resident weekend event
baldwin-park-apartment-lifestyle-desk-leasing-lifestyle,Baldwin Park apartment lifestyle desk,Central FL,Orlando,,,Fest_Events,Luxury_Apt,Apartment programming,,Leasing / Lifestyle,,,B,1500,prospect,Later,N,Open,Estimated,28.5383,-81.3792,https://www.apartments.com/,Public apartment brand / directory,https://www.apartments.com/,Public multifamily footprint. Confirm lifestyle email. No invent.,orlando,resident weekend event
ivanhoe-village-apartments-leasing-lifestyle,Ivanhoe Village apartments,Central FL,Orlando,,,Fest_Events,Luxury_Apt,Apartment programming,,Leasing / Lifestyle,,,B,1500,prospect,Later,N,Open,Estimated,28.5383,-81.3792,https://www.apartments.com/,Public apartment brand / directory,https://www.apartments.com/,Public multifamily footprint. Confirm lifestyle email. No invent.,orlando,resident weekend event
mills-50-apartments-corridor-leasing-lifestyle,Mills 50 apartments corridor,Central FL,Orlando,,,Fest_Events,Luxury_Apt,Apartment programming,,Leasing / Lifestyle,,,B,1500,prospect,Later,N,Open,Estimated,28.5383,-81.3792,https://www.apartments.com/,Public apartment brand / directory,https://www.apartments.com/,Public multifamily footprint. Confirm lifestyle email. No invent.,orlando,resident weekend event
winter-park-village-residential-leasing-lifestyle,Winter Park Village residential,Central FL,Winter Park,,,Fest_Events,Luxury_Apt,Apartment programming,,Leasing / Lifestyle,,,B,1500,prospect,Later,N,Open,Estimated,28.6,-81.3392,https://www.apartments.com/,Public apartment brand / directory,https://www.apartments.com/,Public multifamily footprint. Confirm lifestyle email. No invent.,orlando,resident weekend event
celebration-apartments-residential-events-leasing-lifestyle,Celebration apartments / residential events,Central FL,Celebration,,,Fest_Events,Luxury_Apt,Apartment programming,,Leasing / Lifestyle,,,B,1500,prospect,Later,N,Open,Estimated,28.3252,-81.5331,https://www.apartments.com/,Public apartment brand / directory,https://www.apartments.com/,Public multifamily footprint. Confirm lifestyle email. No invent.,orlando,resident weekend event
reunion-resort-residential-programming-leasing-lifestyle,Reunion resort residential programming,Central FL,Reunion,,,Fest_Events,Luxury_Apt,Apartment programming,,Leasing / Lifestyle,,,B,1500,prospect,Later,N,Open,Estimated,28.285,-81.598,https://www.apartments.com/,Public apartment brand / directory,https://www.apartments.com/,Public multifamily footprint. Confirm lifestyle email. No invent.,orlando,resident weekend event
championsgate-residential-programming-leasing-lifestyle,ChampionsGate residential programming,Central FL,ChampionsGate,,,Fest_Events,Luxury_Apt,Apartment programming,,Leasing / Lifestyle,,,B,1500,prospect,Later,N,Open,Estimated,28.2617,-81.6281,https://www.apartments.com/,Public apartment brand / directory,https://www.apartments.com/,Public multifamily footprint. Confirm lifestyle email. No invent.,orlando,resident weekend event
horizon-west-apartments-corridor-leasing-lifestyle,Horizon West apartments corridor,Central FL,Winter Garden,,,Fest_Events,Luxury_Apt,Apartment programming,,Leasing / Lifestyle,,,B,1500,prospect,Later,N,Open,Estimated,28.5653,-81.5862,https://www.apartments.com/,Public apartment brand / directory,https://www.apartments.com/,Public multifamily footprint. Confirm lifestyle email. No invent.,orlando,resident weekend event
first-baptist-oviedo-kids-family-ministry,First Baptist Oviedo,Central FL,Oviedo,,,Violet,Violet,Church,,Kids / Family ministry,407-365-3221,,B,1500,prospect,Later,N,Open,Estimated,28.67,-81.2081,,Public church identity,,Public church campus. Ask Kids. Email Open.,orlando,family ministry / VBS
calvary-church-orlando-kids-family-ministry,Calvary Church Orlando,Central FL,Orlando,,,Violet,Violet,Church,,Kids / Family ministry,,,B,1500,prospect,Later,N,Open,Estimated,28.5383,-81.3792,,Public church identity,,Public church campus. Ask Kids. Email Open.,orlando,family ministry / VBS
northland-longwood-kids-campus-kids-family-ministry,Northland — Longwood kids campus,Central FL,Longwood,,,Violet,Violet,Church,,Kids / Family ministry,407-949-4000,,B,1500,prospect,Later,N,Open,Estimated,28.7031,-81.3465,,Public church identity,,Public church campus. Ask Kids. Email Open.,orlando,family ministry / VBS
journey-church-winter-garden-kids-family-ministry,Journey Church — Winter Garden,Central FL,Winter Garden,,,Violet,Violet,Church,,Kids / Family ministry,,,B,1500,prospect,Later,N,Open,Estimated,28.5653,-81.5862,,Public church identity,,Public church campus. Ask Kids. Email Open.,orlando,family ministry / VBS
church-of-the-highlands-orlando-kids-family-ministry,Church of the Highlands — Orlando,Central FL,Orlando,,,Violet,Violet,Church,,Kids / Family ministry,,,B,1500,prospect,Later,N,Open,Estimated,28.5383,-81.3792,,Public church identity,,Public church campus. Ask Kids. Email Open.,orlando,family ministry / VBS
elevation-church-orlando-kids-family-ministry,Elevation Church — Orlando,Central FL,Orlando,,,Violet,Violet,Church,,Kids / Family ministry,,,B,1500,prospect,Later,N,Open,Estimated,28.5383,-81.3792,,Public church identity,,Public church campus. Ask Kids. Email Open.,orlando,family ministry / VBS
grace-covenant-church-winter-garden-kids-family-ministry,Grace Covenant Church — Winter Garden,Central FL,Winter Garden,,,Violet,Violet,Church,,Kids / Family ministry,,,B,1500,prospect,Later,N,Open,Estimated,28.5653,-81.5862,,Public church identity,,Public church campus. Ask Kids. Email Open.,orlando,family ministry / VBS
st-james-catholic-cathedral-orlando-kids-family-ministry,St. James Catholic Cathedral — Orlando,Central FL,Orlando,,,Violet,Violet,Church,,Kids / Family ministry,407-422-2005,,B,1500,prospect,Later,N,Open,Estimated,28.5383,-81.3792,,Public church identity,,Public church campus. Ask Kids. Email Open.,orlando,family ministry / VBS
holy-family-catholic-orlando-kids-family-ministry,Holy Family Catholic — Orlando,Central FL,Orlando,,,Violet,Violet,Church,,Kids / Family ministry,,,B,1500,prospect,Later,N,Open,Estimated,28.5383,-81.3792,,Public church identity,,Public church campus. Ask Kids. Email Open.,orlando,family ministry / VBS
annunciation-catholic-altamonte-kids-family-ministry,Annunciation Catholic — Altamonte,Central FL,Altamonte Springs,,,Violet,Violet,Church,,Kids / Family ministry,,,B,1500,prospect,Later,N,Open,Estimated,28.6611,-81.3656,,Public church identity,,Public church campus. Ask Kids. Email Open.,orlando,family ministry / VBS
st-mary-magdalen-catholic-altamonte-kids-family-ministry,St. Mary Magdalen Catholic — Altamonte,Central FL,Altamonte Springs,,,Violet,Violet,Church,,Kids / Family ministry,,,B,1500,prospect,Later,N,Open,Estimated,28.6611,-81.3656,,Public church identity,,Public church campus. Ask Kids. Email Open.,orlando,family ministry / VBS
all-saints-episcopal-winter-park-kids-family-ministry,All Saints Episcopal — Winter Park,Central FL,Winter Park,,,Violet,Violet,Church,,Kids / Family ministry,,,B,1500,prospect,Later,N,Open,Estimated,28.6,-81.3392,,Public church identity,,Public church campus. Ask Kids. Email Open.,orlando,family ministry / VBS
first-congregational-church-winter-park-kids-family-ministry,First Congregational Church — Winter Park,Central FL,Winter Park,,,Violet,Violet,Church,,Kids / Family ministry,,,B,1500,prospect,Later,N,Open,Estimated,28.6,-81.3392,,Public church identity,,Public church campus. Ask Kids. Email Open.,orlando,family ministry / VBS
central-church-of-christ-kissimmee-kids-family-ministry,Central Church of Christ — Kissimmee,Central FL,Kissimmee,,,Violet,Violet,Church,,Kids / Family ministry,,,B,1500,prospect,Later,N,Open,Estimated,28.292,-81.4076,,Public church identity,,Public church campus. Ask Kids. Email Open.,orlando,family ministry / VBS
faith-assembly-orlando-kids-family-ministry,Faith Assembly — Orlando,Central FL,Orlando,,,Violet,Violet,Church,,Kids / Family ministry,,,B,1500,prospect,Later,N,Open,Estimated,28.5383,-81.3792,,Public church identity,,Public church campus. Ask Kids. Email Open.,orlando,family ministry / VBS
river-of-life-church-orlando-kids-family-ministry,River of Life Church — Orlando,Central FL,Orlando,,,Violet,Violet,Church,,Kids / Family ministry,,,B,1500,prospect,Later,N,Open,Estimated,28.5383,-81.3792,,Public church identity,,Public church campus. Ask Kids. Email Open.,orlando,family ministry / VBS
circle-christian-school-admissions-enrichment,Circle Christian School,Central FL,Winter Park,,,Violet,Fancy_Schools,School/VPK/PPEC,,Admissions / Enrichment,407-740-8877,,A,2000,prospect,Later,N,Open,Estimated,28.6,-81.3392,,Public school identity,,Public school identity. Confirm admissions email on site.,orlando,school visit
the-geneva-school-admissions-enrichment,The Geneva School,Central FL,Winter Park,,,Violet,Fancy_Schools,School/VPK/PPEC,,Admissions / Enrichment,407-599-0995,,A,2000,prospect,Later,N,Open,Estimated,28.6,-81.3392,,Public school identity,,Public school identity. Confirm admissions email on site.,orlando,school visit
park-maitland-school-admissions-enrichment,Park Maitland School,Central FL,Maitland,,,Violet,Fancy_Schools,School/VPK/PPEC,,Admissions / Enrichment,407-647-3038,,A,2000,prospect,Later,N,Open,Estimated,28.6278,-81.3631,,Public school identity,,Public school identity. Confirm admissions email on site.,orlando,school visit
foundation-academy-winter-garden-admissions-enrichment,Foundation Academy — Winter Garden,Central FL,Winter Garden,,,Violet,Fancy_Schools,School/VPK/PPEC,,Admissions / Enrichment,,,B,1500,prospect,Later,N,Open,Estimated,28.5653,-81.5862,,Public school identity,,Public school identity. Confirm admissions email on site.,orlando,school visit
faith-christian-academy-orlando-admissions-enrichment,Faith Christian Academy — Orlando,Central FL,Orlando,,,Violet,Fancy_Schools,School/VPK/PPEC,,Admissions / Enrichment,,,B,1500,prospect,Later,N,Open,Estimated,28.5383,-81.3792,,Public school identity,,Public school identity. Confirm admissions email on site.,orlando,school visit
central-florida-christian-academy-admissions-enrichment,Central Florida Christian Academy,Central FL,Orlando,,,Violet,Fancy_Schools,School/VPK/PPEC,,Admissions / Enrichment,,,B,1500,prospect,Later,N,Open,Estimated,28.5383,-81.3792,,Public school identity,,Public school identity. Confirm admissions email on site.,orlando,school visit
international-community-school-winter-park-admissions-enrichment,International Community School — Winter Park,Central FL,Winter Park,,,Violet,Fancy_Schools,School/VPK/PPEC,,Admissions / Enrichment,,,B,1500,prospect,Later,N,Open,Estimated,28.6,-81.3392,,Public school identity,,Public school identity. Confirm admissions email on site.,orlando,school visit
orlando-christian-academy-admissions-enrichment,Orlando Christian Academy,Central FL,Orlando,,,Violet,Fancy_Schools,School/VPK/PPEC,,Admissions / Enrichment,,,B,1500,prospect,Later,N,Open,Estimated,28.5383,-81.3792,,Public school identity,,Public school identity. Confirm admissions email on site.,orlando,school visit
st-charles-borromeo-school-admissions-enrichment,St. Charles Borromeo School,Central FL,Orlando,,,Violet,Fancy_Schools,School/VPK/PPEC,,Admissions / Enrichment,,,B,1500,prospect,Later,N,Open,Estimated,28.5383,-81.3792,,Public school identity,,Public school identity. Confirm admissions email on site.,orlando,school visit
holy-family-catholic-school-admissions-enrichment,Holy Family Catholic School,Central FL,Orlando,,,Violet,Fancy_Schools,School/VPK/PPEC,,Admissions / Enrichment,,,B,1500,prospect,Later,N,Open,Estimated,28.5383,-81.3792,,Public school identity,,Public school identity. Confirm admissions email on site.,orlando,school visit
primrose-school-lake-nona-admissions-enrichment,Primrose School — Lake Nona,Central FL,Lake Nona,,,Violet,Fancy_Schools,School/VPK/PPEC,,Admissions / Enrichment,,,B,1500,prospect,Later,N,Open,Estimated,28.3715,-81.2439,,Public school identity,,Public school identity. Confirm admissions email on site.,orlando,school visit
primrose-school-winter-garden-admissions-enrichment,Primrose School — Winter Garden,Central FL,Winter Garden,,,Violet,Fancy_Schools,School/VPK/PPEC,,Admissions / Enrichment,,,B,1500,prospect,Later,N,Open,Estimated,28.5653,-81.5862,,Public school identity,,Public school identity. Confirm admissions email on site.,orlando,school visit
the-goddard-school-lake-mary-admissions-enrichment,The Goddard School — Lake Mary,Central FL,Lake Mary,,,Violet,Fancy_Schools,School/VPK/PPEC,,Admissions / Enrichment,,,B,1500,prospect,Later,N,Open,Estimated,28.7589,-81.3178,,Public school identity,,Public school identity. Confirm admissions email on site.,orlando,school visit
the-goddard-school-oviedo-admissions-enrichment,The Goddard School — Oviedo,Central FL,Oviedo,,,Violet,Fancy_Schools,School/VPK/PPEC,,Admissions / Enrichment,,,B,1500,prospect,Later,N,Open,Estimated,28.67,-81.2081,,Public school identity,,Public school identity. Confirm admissions email on site.,orlando,school visit
lightbridge-academy-orlando-admissions-enrichment,Lightbridge Academy — Orlando,Central FL,Orlando,,,Violet,Fancy_Schools,School/VPK/PPEC,,Admissions / Enrichment,,,B,1500,prospect,Later,N,Open,Estimated,28.5383,-81.3792,,Public school identity,,Public school identity. Confirm admissions email on site.,orlando,school visit
kids-r-kids-lake-nona-admissions-enrichment,Kids R Kids — Lake Nona,Central FL,Lake Nona,,,Violet,Fancy_Schools,School/VPK/PPEC,,Admissions / Enrichment,,,B,1500,prospect,Later,N,Open,Estimated,28.3715,-81.2439,,Public school identity,,Public school identity. Confirm admissions email on site.,orlando,school visit
montessori-of-winter-park-admissions-enrichment,Montessori of Winter Park,Central FL,Winter Park,,,Violet,Fancy_Schools,School/VPK/PPEC,,Admissions / Enrichment,,,B,1500,prospect,Later,N,Open,Estimated,28.6,-81.3392,,Public school identity,,Public school identity. Confirm admissions email on site.,orlando,school visit
bay-hill-club-lodge-events-amenity-lifestyle,Bay Hill Club & Lodge,Central FL,Dr. Phillips,,,Fest_Events,Regional_Enterprise,Premium community,,Events / Amenity / Lifestyle,,,B,1500,prospect,Later,N,Open,Estimated,28.45,-81.49,,Public club / CDD / city identity,,Public identity. Contact Open. Dovera = Seminole County CDD.,orlando,club family event
orange-county-national-events-events-amenity-lifestyle,Orange County National events,Central FL,Winter Garden,,,Fest_Events,Regional_Enterprise,Premium community,,Events / Amenity / Lifestyle,,,B,1500,prospect,Later,N,Open,Estimated,28.5653,-81.5862,,Public club / CDD / city identity,,Public identity. Contact Open. Dovera = Seminole County CDD.,orlando,club family event
falcon-s-fire-golf-club-events-amenity-lifestyle,Falcon's Fire Golf Club,Central FL,Kissimmee,,,Fest_Events,Regional_Enterprise,Premium community,,Events / Amenity / Lifestyle,,,B,1500,prospect,Later,N,Open,Estimated,28.292,-81.4076,,Public club / CDD / city identity,,Public identity. Contact Open. Dovera = Seminole County CDD.,orlando,club family event
kissimmee-bay-country-club-events-amenity-lifestyle,Kissimmee Bay Country Club,Central FL,Kissimmee,,,Fest_Events,Regional_Enterprise,Premium community,,Events / Amenity / Lifestyle,,,B,1500,prospect,Later,N,Open,Estimated,28.292,-81.4076,,Public club / CDD / city identity,,Public identity. Contact Open. Dovera = Seminole County CDD.,orlando,club family event
metrowest-golf-club-events-amenity-lifestyle,MetroWest Golf Club,Central FL,Orlando,,,Fest_Events,Regional_Enterprise,Premium community,,Events / Amenity / Lifestyle,,,B,1500,prospect,Later,N,Open,Estimated,28.5383,-81.3792,,Public club / CDD / city identity,,Public identity. Contact Open. Dovera = Seminole County CDD.,orlando,club family event
winter-park-country-club-events-amenity-lifestyle,Winter Park Country Club,Central FL,Winter Park,,,Fest_Events,Regional_Enterprise,Premium community,,Events / Amenity / Lifestyle,,,B,1500,prospect,Later,N,Open,Estimated,28.6,-81.3392,,Public club / CDD / city identity,,Public identity. Contact Open. Dovera = Seminole County CDD.,orlando,club family event
interlachen-country-club-events-amenity-lifestyle,Interlachen Country Club,Central FL,Winter Park,,,Fest_Events,Regional_Enterprise,Premium community,,Events / Amenity / Lifestyle,,,B,1500,prospect,Later,N,Open,Estimated,28.6,-81.3392,,Public club / CDD / city identity,,Public identity. Contact Open. Dovera = Seminole County CDD.,orlando,club family event
timacuan-golf-club-events-amenity-lifestyle,Timacuan Golf Club,Central FL,Lake Mary,,,Fest_Events,Regional_Enterprise,Premium community,,Events / Amenity / Lifestyle,,,B,1500,prospect,Later,N,Open,Estimated,28.7589,-81.3178,,Public club / CDD / city identity,,Public identity. Contact Open. Dovera = Seminole County CDD.,orlando,club family event
heathrow-country-club-events-amenity-lifestyle,Heathrow Country Club,Central FL,Lake Mary,,,Fest_Events,Regional_Enterprise,Premium community,,Events / Amenity / Lifestyle,,,B,1500,prospect,Later,N,Open,Estimated,28.7589,-81.3178,,Public club / CDD / city identity,,Public identity. Contact Open. Dovera = Seminole County CDD.,orlando,club family event
alaqua-country-club-events-amenity-lifestyle,Alaqua Country Club,Central FL,Longwood,,,Fest_Events,Regional_Enterprise,Premium community,,Events / Amenity / Lifestyle,,,B,1500,prospect,Later,N,Open,Estimated,28.7031,-81.3465,,Public club / CDD / city identity,,Public identity. Contact Open. Dovera = Seminole County CDD.,orlando,club family event
lake-nona-golf-country-club-events-amenity-lifestyle,Lake Nona Golf & Country Club,Central FL,Lake Nona,,,Fest_Events,Regional_Enterprise,Premium community,,Events / Amenity / Lifestyle,,,A,2000,prospect,Later,N,Open,Estimated,28.3715,-81.2439,,Public club / CDD / city identity,,Public identity. Contact Open. Dovera = Seminole County CDD.,orlando,club family event
horizon-west-town-center-events-events-amenity-lifestyle,Horizon West town center events,Central FL,Winter Garden,,,Fest_Events,Corp_Field,Corporate/amenity city,,Events / Amenity / Lifestyle,,,B,1500,prospect,Later,Y,Open,Estimated,28.5653,-81.5862,,Public club / CDD / city identity,,Public identity. Contact Open. Dovera = Seminole County CDD.,orlando,city parks event
downtown-winter-garden-events-desk-events-amenity-lifestyle,Downtown Winter Garden events desk,Central FL,Winter Garden,,,Fest_Events,Corp_Field,Corporate/amenity city,,Events / Amenity / Lifestyle,,,B,1500,prospect,Later,Y,Open,Estimated,28.5653,-81.5862,,Public club / CDD / city identity,,Public identity. Contact Open. Dovera = Seminole County CDD.,orlando,city parks event
dovera-cdd-events-amenity-lifestyle,Dovera CDD,Central FL,Winter Springs,,,Fest_Events,Regional_Enterprise,CDD/HOA amenity,,Events / Amenity / Lifestyle,,,A,2000,prospect,Later,N,Open,Estimated,28.6989,-81.3081,https://www.doveracdd.org/,Public club / CDD / city identity,https://www.doveracdd.org/,Public identity. Contact Open. Dovera = Seminole County CDD.,orlando,community / amenity event
oviedo-on-the-park-events-events-amenity-lifestyle,Oviedo on the Park events,Central FL,Oviedo,,,Fest_Events,Corp_Field,Corporate/amenity city,,Events / Amenity / Lifestyle,,,B,1500,prospect,Later,Y,Open,Estimated,28.67,-81.2081,,Public club / CDD / city identity,,Public identity. Contact Open. Dovera = Seminole County CDD.,orlando,city parks event
sanford-riverwalk-parks-events-events-amenity-lifestyle,Sanford Riverwalk / parks events,Central FL,Sanford,,,Fest_Events,Corp_Field,Corporate/amenity city,,Events / Amenity / Lifestyle,,,B,1500,prospect,Later,Y,Open,Estimated,28.8026,-81.2695,,Public club / CDD / city identity,,Public identity. Contact Open. Dovera = Seminole County CDD.,orlando,city parks event
city-of-altamonte-springs-parks-rec-parks-events,City of Altamonte Springs Parks & Rec,Central FL,Altamonte Springs,,,Fest_Events,Corp_Field,Corporate/amenity city,,Parks / Events,407-571-8131,,B,1500,prospect,Later,Y,Open,Estimated,28.6611,-81.3656,,Municipal parks identity,,Municipal parks — B2G.,orlando,city parks event
city-of-longwood-parks-rec-parks-events,City of Longwood Parks & Rec,Central FL,Longwood,,,Fest_Events,Corp_Field,Corporate/amenity city,,Parks / Events,407-260-3440,,B,1500,prospect,Later,Y,Open,Estimated,28.7031,-81.3465,,Municipal parks identity,,Municipal parks — B2G.,orlando,city parks event
city-of-oviedo-parks-rec-parks-events,City of Oviedo Parks & Rec,Central FL,Oviedo,,,Fest_Events,Corp_Field,Corporate/amenity city,,Parks / Events,407-971-5560,,B,1500,prospect,Later,Y,Open,Estimated,28.67,-81.2081,,Municipal parks identity,,Municipal parks — B2G.,orlando,city parks event
city-of-sanford-parks-rec-parks-events,City of Sanford Parks & Rec,Central FL,Sanford,,,Fest_Events,Corp_Field,Corporate/amenity city,,Parks / Events,407-688-5120,,B,1500,prospect,Later,Y,Open,Estimated,28.8026,-81.2695,,Municipal parks identity,,Municipal parks — B2G.,orlando,city parks event
city-of-apopka-parks-rec-parks-events,City of Apopka Parks & Rec,Central FL,Apopka,,,Fest_Events,Corp_Field,Corporate/amenity city,,Parks / Events,407-703-1740,,B,1500,prospect,Later,Y,Open,Estimated,28.6934,-81.5322,,Municipal parks identity,,Municipal parks — B2G.,orlando,city parks event
city-of-ocoee-parks-rec-parks-events,City of Ocoee Parks & Rec,Central FL,Ocoee,,,Fest_Events,Corp_Field,Corporate/amenity city,,Parks / Events,407-905-3156,,B,1500,prospect,Later,Y,Open,Estimated,28.5692,-81.544,,Municipal parks identity,,Municipal parks — B2G.,orlando,city parks event
city-of-clermont-parks-rec-parks-events,City of Clermont Parks & Rec,Central FL,Clermont,,,Fest_Events,Corp_Field,Corporate/amenity city,,Parks / Events,352-241-7470,,B,1500,prospect,Later,Y,Open,Estimated,28.5494,-81.7729,,Municipal parks identity,,Municipal parks — B2G.,orlando,city parks event
city-of-st-cloud-parks-rec-parks-events,City of St. Cloud Parks & Rec,Central FL,St. Cloud,,,Fest_Events,Corp_Field,Corporate/amenity city,,Parks / Events,407-957-7243,,B,1500,prospect,Later,Y,Open,Estimated,28.2489,-81.2812,,Municipal parks identity,,Municipal parks — B2G.,orlando,city parks event
osceola-county-parks-recreation-parks-events,Osceola County Parks & Recreation,Central FL,Kissimmee,,,Fest_Events,Corp_Field,Corporate/amenity city,,Parks / Events,407-742-0200,,B,1500,prospect,Later,Y,Open,Estimated,28.292,-81.4076,,Municipal parks identity,,Municipal parks — B2G.,orlando,city parks event
seminole-county-parks-recreation-parks-events,Seminole County Parks & Recreation,Central FL,Sanford,,,Fest_Events,Corp_Field,Corporate/amenity city,,Parks / Events,407-665-2001,,B,1500,prospect,Later,Y,Open,Estimated,28.8026,-81.2695,,Municipal parks identity,,Municipal parks — B2G.,orlando,city parks event
full-sail-university-student-engagement-student-life-engagement,Full Sail University — Student Engagement,Central FL,Winter Park,,,Fest_Events,Corp_Field,University,,Student Life / Engagement,,,B,1500,prospect,Later,Y,Open,Estimated,28.6,-81.3392,,Public university identity,,Ask Student Life. Email Open.,orlando,campus activities
seminole-state-college-student-life-student-life-engagement,Seminole State College — Student Life,Central FL,Sanford,,,Fest_Events,Corp_Field,University,,Student Life / Engagement,,,B,1500,prospect,Later,Y,Open,Estimated,28.8026,-81.2695,,Public university identity,,Ask Student Life. Email Open.,orlando,campus activities
lake-sumter-state-college-clermont-student-life-student-life-engagement,Lake-Sumter State College — Clermont Student Life,Central FL,Clermont,,,Fest_Events,Corp_Field,University,,Student Life / Engagement,,,B,1500,prospect,Later,Y,Open,Estimated,28.5494,-81.7729,,Public university identity,,Ask Student Life. Email Open.,orlando,campus activities
adventhealth-university-orlando-student-life-student-life-engagement,AdventHealth University — Orlando Student Life,Central FL,Orlando,,,Fest_Events,Corp_Field,University,,Student Life / Engagement,,,B,1500,prospect,Later,Y,Open,Estimated,28.5383,-81.3792,,Public university identity,,Ask Student Life. Email Open.,orlando,campus activities
